-- Bangladesh Address Database
-- Generated: 2025-12-21T19:10:11.947Z
-- Source: https://github.com/rajuAhmed1705/bangladesh-address

-- ----------------------------
-- Table: divisions
-- ----------------------------
DROP TABLE IF EXISTS thanas;
DROP TABLE IF EXISTS upazilas;
DROP TABLE IF EXISTS districts;
DROP TABLE IF EXISTS divisions;

CREATE TABLE divisions (
  id SERIAL PRIMARY KEY,
  name VARCHAR(50) NOT NULL UNIQUE,
  name_bn VARCHAR(50) DEFAULT NULL,
  created_at TIMESTAMP DEFAULT CURRENT_TIMESTAMP,
  updated_at TIMESTAMP DEFAULT CURRENT_TIMESTAMP
);

-- ----------------------------
-- Table: districts
-- ----------------------------
CREATE TABLE districts (
  id SERIAL PRIMARY KEY,
  division_id INTEGER NOT NULL REFERENCES divisions(id) ON DELETE CASCADE,
  name VARCHAR(50) NOT NULL UNIQUE,
  name_bn VARCHAR(50) DEFAULT NULL,
  created_at TIMESTAMP DEFAULT CURRENT_TIMESTAMP,
  updated_at TIMESTAMP DEFAULT CURRENT_TIMESTAMP
);

CREATE INDEX idx_districts_division ON districts(division_id);

-- ----------------------------
-- Table: upazilas
-- ----------------------------
CREATE TABLE upazilas (
  id SERIAL PRIMARY KEY,
  district_id INTEGER NOT NULL REFERENCES districts(id) ON DELETE CASCADE,
  name VARCHAR(50) NOT NULL,
  name_bn VARCHAR(50) DEFAULT NULL,
  created_at TIMESTAMP DEFAULT CURRENT_TIMESTAMP,
  updated_at TIMESTAMP DEFAULT CURRENT_TIMESTAMP
);

CREATE INDEX idx_upazilas_district ON upazilas(district_id);
CREATE INDEX idx_upazilas_name ON upazilas(name);

-- ----------------------------
-- Table: thanas
-- ----------------------------
CREATE TABLE thanas (
  id SERIAL PRIMARY KEY,
  district_id INTEGER NOT NULL REFERENCES districts(id) ON DELETE CASCADE,
  name VARCHAR(50) NOT NULL,
  name_bn VARCHAR(50) DEFAULT NULL,
  created_at TIMESTAMP DEFAULT CURRENT_TIMESTAMP,
  updated_at TIMESTAMP DEFAULT CURRENT_TIMESTAMP
);

CREATE INDEX idx_thanas_district ON thanas(district_id);
CREATE INDEX idx_thanas_name ON thanas(name);

-- ----------------------------
-- Data: divisions
-- ----------------------------
INSERT INTO divisions (id, name) VALUES
(1, 'Barisal'),
(2, 'Chattogram'),
(3, 'Dhaka'),
(4, 'Khulna'),
(5, 'Mymensingh'),
(6, 'Rajshahi'),
(7, 'Rangpur'),
(8, 'Sylhet');

-- ----------------------------
-- Data: districts
-- ----------------------------
INSERT INTO districts (id, division_id, name) VALUES
(1, 4, 'Bagerhat'),
(2, 2, 'Bandarban'),
(3, 1, 'Barguna'),
(4, 1, 'Barisal'),
(5, 1, 'Bhola'),
(6, 6, 'Bogra'),
(7, 2, 'Brahmanbaria'),
(8, 2, 'Chandpur'),
(9, 6, 'Chapainawabganj'),
(10, 2, 'Chattogram'),
(11, 4, 'Chuadanga'),
(12, 2, 'Comilla'),
(13, 2, 'Cox''s Bazar'),
(14, 3, 'Dhaka'),
(15, 7, 'Dinajpur'),
(16, 3, 'Faridpur'),
(17, 2, 'Feni'),
(18, 7, 'Gaibandha'),
(19, 3, 'Gazipur'),
(20, 3, 'Gopalganj'),
(21, 8, 'Habiganj'),
(22, 5, 'Jamalpur'),
(23, 4, 'Jessore'),
(24, 1, 'Jhalokati'),
(25, 4, 'Jhenaidah'),
(26, 6, 'Joypurhat'),
(27, 2, 'Khagrachari'),
(28, 4, 'Khulna'),
(29, 3, 'Kishoreganj'),
(30, 7, 'Kurigram'),
(31, 4, 'Kushtia'),
(32, 2, 'Lakshmipur'),
(33, 7, 'Lalmonirhat'),
(34, 3, 'Madaripur'),
(35, 4, 'Magura'),
(36, 3, 'Manikganj'),
(37, 4, 'Meherpur'),
(38, 8, 'Moulvibazar'),
(39, 3, 'Munshiganj'),
(40, 5, 'Mymensingh'),
(41, 6, 'Naogaon'),
(42, 4, 'Narail'),
(43, 3, 'Narayanganj'),
(44, 3, 'Narsingdi'),
(45, 6, 'Natore'),
(46, 5, 'Netrokona'),
(47, 7, 'Nilphamari'),
(48, 2, 'Noakhali'),
(49, 6, 'Pabna'),
(50, 7, 'Panchagarh'),
(51, 1, 'Patuakhali'),
(52, 1, 'Pirojpur'),
(53, 3, 'Rajbari'),
(54, 6, 'Rajshahi'),
(55, 2, 'Rangamati'),
(56, 7, 'Rangpur'),
(57, 4, 'Satkhira'),
(58, 3, 'Shariatpur'),
(59, 5, 'Sherpur'),
(60, 6, 'Sirajganj'),
(61, 8, 'Sunamganj'),
(62, 8, 'Sylhet'),
(63, 3, 'Tangail'),
(64, 7, 'Thakurgaon');

-- ----------------------------
-- Data: upazilas
-- ----------------------------
INSERT INTO upazilas (id, district_id, name) VALUES
(1, 3, 'Amtali'),
(2, 3, 'Bamna'),
(3, 3, 'Barguna Sadar'),
(4, 3, 'Betagi'),
(5, 3, 'Patharghata'),
(6, 3, 'Taltali'),
(7, 4, 'Muladi'),
(8, 4, 'Babuganj'),
(9, 4, 'Agailjhara'),
(10, 4, 'Barisal Sadar'),
(11, 4, 'Bakerganj'),
(12, 4, 'Banaripara'),
(13, 4, 'Gaurnadi'),
(14, 4, 'Hizla'),
(15, 4, 'Mehendiganj'),
(16, 4, 'Wazirpur'),
(17, 5, 'Bhola Sadar'),
(18, 5, 'Burhanuddin'),
(19, 5, 'Char Fasson'),
(20, 5, 'Daulatkhan'),
(21, 5, 'Lalmohan'),
(22, 5, 'Manpura'),
(23, 5, 'Tazumuddin'),
(24, 24, 'Jhalokati Sadar'),
(25, 24, 'Kathalia'),
(26, 24, 'Nalchity'),
(27, 24, 'Rajapur'),
(28, 51, 'Bauphal'),
(29, 51, 'Dashmina'),
(30, 51, 'Galachipa'),
(31, 51, 'Kalapara'),
(32, 51, 'Mirzaganj'),
(33, 51, 'Patuakhali Sadar'),
(34, 51, 'Dumki'),
(35, 51, 'Rangabali'),
(36, 52, 'Bhandaria'),
(37, 52, 'Kaukhali'),
(38, 52, 'Mathbaria'),
(39, 52, 'Nazirpur'),
(40, 52, 'Nesarabad'),
(41, 52, 'Pirojpur Sadar'),
(42, 52, 'Zianagar'),
(43, 2, 'Bandarban Sadar'),
(44, 2, 'Thanchi'),
(45, 2, 'Lama'),
(46, 2, 'Naikhongchhari'),
(47, 2, 'Ali kadam'),
(48, 2, 'Rowangchhari'),
(49, 2, 'Ruma'),
(50, 7, 'Brahmanbaria Sadar'),
(51, 7, 'Ashuganj'),
(52, 7, 'Nasirnagar'),
(53, 7, 'Nabinagar'),
(54, 7, 'Sarail'),
(55, 7, 'Shahbazpur Town'),
(56, 7, 'Kasba'),
(57, 7, 'Akhaura'),
(58, 7, 'Bancharampur'),
(59, 7, 'Bijoynagar'),
(60, 8, 'Chandpur Sadar'),
(61, 8, 'Faridganj'),
(62, 8, 'Haimchar'),
(63, 8, 'Haziganj'),
(64, 8, 'Kachua'),
(65, 8, 'Matlab Uttar'),
(66, 8, 'Matlab Dakkhin'),
(67, 8, 'Shahrasti'),
(68, 10, 'Anwara'),
(69, 10, 'Banshkhali'),
(70, 10, 'Boalkhali'),
(71, 10, 'Chandanaish'),
(72, 10, 'Fatikchhari'),
(73, 10, 'Hathazari'),
(74, 10, 'Lohagara'),
(75, 10, 'Mirsharai'),
(76, 10, 'Patiya'),
(77, 10, 'Rangunia'),
(78, 10, 'Raozan'),
(79, 10, 'Sandwip'),
(80, 10, 'Satkania'),
(81, 10, 'Sitakunda'),
(82, 12, 'Barura'),
(83, 12, 'Brahmanpara'),
(84, 12, 'Burichong'),
(85, 12, 'Chandina'),
(86, 12, 'Chauddagram'),
(87, 12, 'Daudkandi'),
(88, 12, 'Debidwar'),
(89, 12, 'Homna'),
(90, 12, 'Comilla Sadar'),
(91, 12, 'Laksam'),
(92, 12, 'Monohorgonj'),
(93, 12, 'Meghna'),
(94, 12, 'Muradnagar'),
(95, 12, 'Nangalkot'),
(96, 12, 'Comilla Sadar South'),
(97, 12, 'Titas'),
(98, 13, 'Chakaria'),
(99, 13, 'Cox''s Bazar Sadar'),
(100, 13, 'Kutubdia'),
(101, 13, 'Maheshkhali'),
(102, 13, 'Ramu'),
(103, 13, 'Teknaf'),
(104, 13, 'Ukhia'),
(105, 13, 'Pekua'),
(106, 17, 'Feni Sadar'),
(107, 17, 'Chagalnaiya'),
(108, 17, 'Daganbhyan'),
(109, 17, 'Parshuram'),
(110, 17, 'Fhulgazi'),
(111, 17, 'Sonagazi'),
(112, 27, 'Dighinala'),
(113, 27, 'Khagrachhari'),
(114, 27, 'Lakshmichhari'),
(115, 27, 'Mahalchhari'),
(116, 27, 'Manikchhari'),
(117, 27, 'Matiranga'),
(118, 27, 'Panchhari'),
(119, 27, 'Ramgarh'),
(120, 32, 'Lakshmipur Sadar'),
(121, 32, 'Raipur'),
(122, 32, 'Ramganj'),
(123, 32, 'Ramgati'),
(124, 32, 'Komol Nagar'),
(125, 48, 'Noakhali Sadar'),
(126, 48, 'Begumganj'),
(127, 48, 'Chatkhil'),
(128, 48, 'Companyganj'),
(129, 48, 'Shenbag'),
(130, 48, 'Hatia'),
(131, 48, 'Kobirhat'),
(132, 48, 'Sonaimuri'),
(133, 48, 'Suborno Char'),
(134, 55, 'Rangamati Sadar'),
(135, 55, 'Belaichhari'),
(136, 55, 'Bagaichhari'),
(137, 55, 'Barkal'),
(138, 55, 'Juraichhari'),
(139, 55, 'Rajasthali'),
(140, 55, 'Kaptai'),
(141, 55, 'Langadu'),
(142, 55, 'Nannerchar'),
(143, 55, 'Kaukhali'),
(144, 14, 'Dhamrai'),
(145, 14, 'Dohar'),
(146, 14, 'Keraniganj'),
(147, 14, 'Nawabganj'),
(148, 14, 'Savar'),
(149, 16, 'Faridpur Sadar'),
(150, 16, 'Boalmari'),
(151, 16, 'Alfadanga'),
(152, 16, 'Madhukhali'),
(153, 16, 'Bhanga'),
(154, 16, 'Nagarkanda'),
(155, 16, 'Charbhadrasan'),
(156, 16, 'Sadarpur'),
(157, 16, 'Shaltha'),
(158, 19, 'Gazipur Sadar-Joydebpur'),
(159, 19, 'Kaliakior'),
(160, 19, 'Kapasia'),
(161, 19, 'Sripur'),
(162, 19, 'Kaliganj'),
(163, 19, 'Tongi'),
(164, 20, 'Gopalganj Sadar'),
(165, 20, 'Kashiani'),
(166, 20, 'Kotalipara'),
(167, 20, 'Muksudpur'),
(168, 20, 'Tungipara'),
(169, 22, 'Dewanganj'),
(170, 22, 'Baksiganj'),
(171, 22, 'Islampur'),
(172, 22, 'Jamalpur Sadar'),
(173, 22, 'Madarganj'),
(174, 22, 'Melandaha'),
(175, 22, 'Sarishabari'),
(176, 22, 'Narundi Police I.C'),
(177, 29, 'Astagram'),
(178, 29, 'Bajitpur'),
(179, 29, 'Bhairab'),
(180, 29, 'Hossainpur'),
(181, 29, 'Itna'),
(182, 29, 'Karimganj'),
(183, 29, 'Katiadi'),
(184, 29, 'Kishoreganj Sadar'),
(185, 29, 'Kuliarchar'),
(186, 29, 'Mithamain'),
(187, 29, 'Nikli'),
(188, 29, 'Pakundia'),
(189, 29, 'Tarail'),
(190, 34, 'Madaripur Sadar'),
(191, 34, 'Kalkini'),
(192, 34, 'Rajoir'),
(193, 34, 'Shibchar'),
(194, 34, 'Dasar'),
(195, 36, 'Manikganj Sadar'),
(196, 36, 'Singair'),
(197, 36, 'Shibalaya'),
(198, 36, 'Saturia'),
(199, 36, 'Harirampur'),
(200, 36, 'Ghior'),
(201, 36, 'Daulatpur'),
(202, 39, 'Lohajang'),
(203, 39, 'Sreenagar'),
(204, 39, 'Munshiganj Sadar'),
(205, 39, 'Sirajdikhan'),
(206, 39, 'Tongibari'),
(207, 39, 'Gazaria'),
(208, 40, 'Bhaluka'),
(209, 40, 'Trishal'),
(210, 40, 'Haluaghat'),
(211, 40, 'Muktagachha'),
(212, 40, 'Dhobaura'),
(213, 40, 'Fulbaria'),
(214, 40, 'Gaffargaon'),
(215, 40, 'Gauripur'),
(216, 40, 'Ishwarganj'),
(217, 40, 'Mymensingh Sadar'),
(218, 40, 'Nandail'),
(219, 40, 'Phulpur'),
(220, 40, 'Tarakanda'),
(221, 43, 'Araihazar'),
(222, 43, 'Sonargaon'),
(223, 43, 'Bandar'),
(224, 43, 'Naryanganj Sadar'),
(225, 43, 'Rupganj'),
(226, 43, 'Siddirgonj'),
(227, 44, 'Belabo'),
(228, 44, 'Monohardi'),
(229, 44, 'Narsingdi Sadar'),
(230, 44, 'Palash'),
(231, 44, 'Raipura'),
(232, 44, 'Shibpur'),
(233, 46, 'Kendua'),
(234, 46, 'Atpara'),
(235, 46, 'Barhatta'),
(236, 46, 'Durgapur'),
(237, 46, 'Kalmakanda'),
(238, 46, 'Madan'),
(239, 46, 'Mohanganj'),
(240, 46, 'Netrokona Sadar'),
(241, 46, 'Purbadhala'),
(242, 46, 'Khaliajuri'),
(243, 53, 'Baliakandi'),
(244, 53, 'Goalandaghat'),
(245, 53, 'Pangsha'),
(246, 53, 'Kalukhali'),
(247, 53, 'Rajbari Sadar'),
(248, 58, 'Shariatpur Sadar'),
(249, 58, 'Damudya'),
(250, 58, 'Naria'),
(251, 58, 'Jajira'),
(252, 58, 'Bhedarganj'),
(253, 58, 'Gosairhat'),
(254, 59, 'Jhenaigati'),
(255, 59, 'Nakla'),
(256, 59, 'Nalitabari'),
(257, 59, 'Sherpur Sadar'),
(258, 59, 'Sreebardi'),
(259, 63, 'Tangail Sadar'),
(260, 63, 'Sakhipur'),
(261, 63, 'Basail'),
(262, 63, 'Madhupur'),
(263, 63, 'Ghatail'),
(264, 63, 'Kalihati'),
(265, 63, 'Nagarpur'),
(266, 63, 'Mirzapur'),
(267, 63, 'Gopalpur'),
(268, 63, 'Delduar'),
(269, 63, 'Bhuapur'),
(270, 63, 'Dhanbari'),
(271, 1, 'Bagerhat Sadar'),
(272, 1, 'Chitalmari'),
(273, 1, 'Fakirhat'),
(274, 1, 'Kachua'),
(275, 1, 'Mollahat'),
(276, 1, 'Mongla'),
(277, 1, 'Morrelganj'),
(278, 1, 'Rampal'),
(279, 1, 'Sarankhola'),
(280, 11, 'Damurhuda'),
(281, 11, 'Chuadanga Sadar'),
(282, 11, 'Jibannagar'),
(283, 11, 'Alamdanga'),
(284, 23, 'Abhaynagar'),
(285, 23, 'Keshabpur'),
(286, 23, 'Bagherpara'),
(287, 23, 'Jessore Sadar'),
(288, 23, 'Chaugachha'),
(289, 23, 'Manirampur'),
(290, 23, 'Jhikargachha'),
(291, 23, 'Sharsha'),
(292, 25, 'Jhenaidah Sadar'),
(293, 25, 'Maheshpur'),
(294, 25, 'Kaliganj'),
(295, 25, 'Kotchandpur'),
(296, 25, 'Shailkupa'),
(297, 25, 'Harinakunda'),
(298, 28, 'Terokhada'),
(299, 28, 'Batiaghata'),
(300, 28, 'Dacope'),
(301, 28, 'Dumuria'),
(302, 28, 'Dighalia'),
(303, 28, 'Koyra'),
(304, 28, 'Paikgachha'),
(305, 28, 'Phultala'),
(306, 28, 'Rupsa'),
(307, 31, 'Kushtia Sadar'),
(308, 31, 'Kumarkhali'),
(309, 31, 'Daulatpur'),
(310, 31, 'Mirpur'),
(311, 31, 'Bheramara'),
(312, 31, 'Khoksa'),
(313, 35, 'Magura Sadar'),
(314, 35, 'Mohammadpur'),
(315, 35, 'Shalikha'),
(316, 35, 'Sreepur'),
(317, 37, 'Gangni'),
(318, 37, 'Mujibnagar'),
(319, 37, 'Meherpur Sadar'),
(320, 42, 'Narail Sadar'),
(321, 42, 'Lohagara'),
(322, 42, 'Kalia'),
(323, 57, 'Satkhira Sadar'),
(324, 57, 'Assasuni'),
(325, 57, 'Debhata'),
(326, 57, 'Tala'),
(327, 57, 'Kalaroa'),
(328, 57, 'Kaliganj'),
(329, 57, 'Shyamnagar'),
(330, 6, 'Adamdighi'),
(331, 6, 'Bogra Sadar'),
(332, 6, 'Sherpur'),
(333, 6, 'Dhunat'),
(334, 6, 'Dhupchanchia'),
(335, 6, 'Gabtali'),
(336, 6, 'Kahaloo'),
(337, 6, 'Nandigram'),
(338, 6, 'Sahajanpur'),
(339, 6, 'Sariakandi'),
(340, 6, 'Shibganj'),
(341, 6, 'Sonatala'),
(342, 26, 'Joypurhat Sadar'),
(343, 26, 'Akkelpur'),
(344, 26, 'Kalai'),
(345, 26, 'Khetlal'),
(346, 26, 'Panchbibi'),
(347, 41, 'Naogaon Sadar'),
(348, 41, 'Mohadevpur'),
(349, 41, 'Manda'),
(350, 41, 'Niamatpur'),
(351, 41, 'Atrai'),
(352, 41, 'Raninagar'),
(353, 41, 'Patnitala'),
(354, 41, 'Dhamoirhat'),
(355, 41, 'Sapahar'),
(356, 41, 'Porsha'),
(357, 41, 'Badalgachhi'),
(358, 45, 'Natore Sadar'),
(359, 45, 'Baraigram'),
(360, 45, 'Bagatipara'),
(361, 45, 'Lalpur'),
(362, 45, 'Gurudaspur'),
(363, 45, 'Singra'),
(364, 9, 'Bholahat'),
(365, 9, 'Gomastapur'),
(366, 9, 'Nachole'),
(367, 9, 'Chapainawabganj Sadar'),
(368, 9, 'Shibganj'),
(369, 49, 'Atgharia'),
(370, 49, 'Bera'),
(371, 49, 'Bhangura'),
(372, 49, 'Chatmohar'),
(373, 49, 'Faridpur'),
(374, 49, 'Ishwardi'),
(375, 49, 'Pabna Sadar'),
(376, 49, 'Santhia'),
(377, 49, 'Sujanagar'),
(378, 54, 'Bagha'),
(379, 54, 'Bagmara'),
(380, 54, 'Charghat'),
(381, 54, 'Durgapur'),
(382, 54, 'Godagari'),
(383, 54, 'Mohanpur'),
(384, 54, 'Paba'),
(385, 54, 'Puthia'),
(386, 54, 'Tanore'),
(387, 60, 'Sirajganj Sadar'),
(388, 60, 'Belkuchi'),
(389, 60, 'Chauhali'),
(390, 60, 'Kamarkhanda'),
(391, 60, 'Kazipur'),
(392, 60, 'Raiganj'),
(393, 60, 'Shahjadpur'),
(394, 60, 'Tarash'),
(395, 60, 'Ullahpara'),
(396, 15, 'Birampur'),
(397, 15, 'Birganj'),
(398, 15, 'Biral'),
(399, 15, 'Bochaganj'),
(400, 15, 'Chirirbandar'),
(401, 15, 'Phulbari'),
(402, 15, 'Ghoraghat'),
(403, 15, 'Hakimpur'),
(404, 15, 'Kaharole'),
(405, 15, 'Khansama'),
(406, 15, 'Dinajpur Sadar'),
(407, 15, 'Nawabganj'),
(408, 15, 'Parbatipur'),
(409, 18, 'Fulchhari'),
(410, 18, 'Gaibandha Sadar'),
(411, 18, 'Gobindaganj'),
(412, 18, 'Palashbari'),
(413, 18, 'Sadullapur'),
(414, 18, 'Saghata'),
(415, 18, 'Sundarganj'),
(416, 30, 'Kurigram Sadar'),
(417, 30, 'Nageshwari'),
(418, 30, 'Bhurungamari'),
(419, 30, 'Phulbari'),
(420, 30, 'Rajarhat'),
(421, 30, 'Ulipur'),
(422, 30, 'Chilmari'),
(423, 30, 'Rowmari'),
(424, 30, 'Char Rajibpur'),
(425, 33, 'Lalmonirhat Sadar'),
(426, 33, 'Aditmari'),
(427, 33, 'Kaliganj'),
(428, 33, 'Hatibandha'),
(429, 33, 'Patgram'),
(430, 47, 'Nilphamari Sadar'),
(431, 47, 'Saidpur'),
(432, 47, 'Jaldhaka'),
(433, 47, 'Kishoreganj'),
(434, 47, 'Domar'),
(435, 47, 'Dimla'),
(436, 50, 'Panchagarh Sadar'),
(437, 50, 'Debiganj'),
(438, 50, 'Boda'),
(439, 50, 'Atwari'),
(440, 50, 'Tetulia'),
(441, 56, 'Badarganj'),
(442, 56, 'Mithapukur'),
(443, 56, 'Gangachara'),
(444, 56, 'Kaunia'),
(445, 56, 'Rangpur Sadar'),
(446, 56, 'Pirgachha'),
(447, 56, 'Pirganj'),
(448, 56, 'Taraganj'),
(449, 64, 'Thakurgaon Sadar'),
(450, 64, 'Pirganj'),
(451, 64, 'Baliadangi'),
(452, 64, 'Haripur'),
(453, 64, 'Ranisankail'),
(454, 21, 'Ajmiriganj'),
(455, 21, 'Baniachang'),
(456, 21, 'Bahubal'),
(457, 21, 'Chunarughat'),
(458, 21, 'Habiganj Sadar'),
(459, 21, 'Lakhai'),
(460, 21, 'Madhabpur'),
(461, 21, 'Nabiganj'),
(462, 21, 'Shaistagonj'),
(463, 38, 'Moulvibazar Sadar'),
(464, 38, 'Barlekha'),
(465, 38, 'Juri'),
(466, 38, 'Kamalganj'),
(467, 38, 'Kulaura'),
(468, 38, 'Rajnagar'),
(469, 38, 'Sreemangal'),
(470, 61, 'Bishwamvarpur'),
(471, 61, 'Chhatak'),
(472, 61, 'Derai'),
(473, 61, 'Dharampasha'),
(474, 61, 'Dowarabazar'),
(475, 61, 'Jagannathpur'),
(476, 61, 'Jamalganj'),
(477, 61, 'Sulla'),
(478, 61, 'Sunamganj Sadar'),
(479, 61, 'Shanthiganj'),
(480, 61, 'Tahirpur'),
(481, 62, 'Sylhet Sadar'),
(482, 62, 'Beanibazar'),
(483, 62, 'Bishwanath'),
(484, 62, 'Dakshin Surma'),
(485, 62, 'Balaganj'),
(486, 62, 'Companiganj'),
(487, 62, 'Fenchuganj'),
(488, 62, 'Golapganj'),
(489, 62, 'Gowainghat'),
(490, 62, 'Jaintiapur'),
(491, 62, 'Kanaighat'),
(492, 62, 'Zakiganj'),
(493, 62, 'Osmaninagar'),
(494, 13, 'Eidgaon'),
(495, 61, 'Madhyanagar');

-- ----------------------------
-- Data: thanas
-- ----------------------------
INSERT INTO thanas (id, district_id, name) VALUES
(1, 14, 'Kotwali'),
(2, 14, 'Mohammadpur'),
(3, 14, 'Lalbagh'),
(4, 14, 'Sutrapur'),
(5, 14, 'Motijheel'),
(6, 14, 'Demra'),
(7, 14, 'Sabujbagh'),
(8, 14, 'Mirpur'),
(9, 14, 'Gulshan'),
(10, 14, 'Uttara'),
(11, 14, 'Pallabi'),
(12, 14, 'Cantonment'),
(13, 14, 'Dhanmondi'),
(14, 14, 'Tejgaon'),
(15, 14, 'Ramna'),
(16, 10, 'Kotwali'),
(17, 10, 'Panchlaish'),
(18, 10, 'Chandgaon'),
(19, 10, 'Bandar'),
(20, 10, 'Pahartali'),
(21, 10, 'Double Mooring'),
(22, 54, 'Boalia'),
(23, 54, 'Rajpara'),
(24, 28, 'Khulna Sadar'),
(25, 28, 'Sonadanga'),
(26, 28, 'Daulatpur');

-- Reset sequences
SELECT setval('divisions_id_seq', (SELECT MAX(id) FROM divisions));
SELECT setval('districts_id_seq', (SELECT MAX(id) FROM districts));
SELECT setval('upazilas_id_seq', (SELECT MAX(id) FROM upazilas));
SELECT setval('thanas_id_seq', (SELECT MAX(id) FROM thanas));
